country_code,country_name,expenditure_pct_gdp_val,expenditure_pct_gdp_year,trained_primary_pct_val,trained_primary_pct_year,trained_preprimary_pct_val,trained_preprimary_pct_year,trained_secondary_pct_val,trained_secondary_pct_year
ABW,Aruba,3.61855755636695,2021,99.5008316040039,2012,100.0,2012,95.8558578491211,2012
AFE,Eastern & Southern Africa,3.96229304413263,2023,66.2381286621094,2020,54.5085105895996,2017,58.9477806091309,2021
AFG,Afghanistan,4.34319019317627,2017,,,,,,
AFW,Western & Central Africa,3.2156202394716598,2023,65.3933715820312,2023,58.5183410644531,2022,58.6279487609863,2022
AGO,Angola,2.51273663315785,2023,82.4435510748209,2023,79.8250351009828,2023,83.7534246575343,2023
ALB,Albania,3.09153008460998,2023,61.7683302526186,2021,53.3973128598848,2021,67.0058826055219,2021
AND,Andorra,1.89867997169495,2023,100.0,2024,100.0,2024,100.0,2024
ARB,Arab World,3.768607406701935,2020,76.5443801879883,2024,77.3321533203125,2024,83.5204696655273,2024
ARE,United Arab Emirates,3.89404010772705,2021,100.0,2023,100.0,2023,100.0,2023
ARG,Argentina,5.00324010848999,2023,,,,,,
ARM,Armenia,2.43869996070862,2023,84.920424403183,2024,76.32096069869,2024,85.6661941885188,2024
ASM,American Samoa,14.7170495986938,2006,,,,,,
ATG,Antigua and Barbuda,3.10505161832136,2023,52.8186302185059,2018,64.7222213745117,2015,47.692310333252,2018
AUS,Australia,5.05915021896362,2022,,,,,,
AUT,Austria,5.27749013900757,2022,,,,,,
AZE,Azerbaijan,3.66036009788513,2023,99.6772611086726,2024,91.9513797634691,2024,98.7748930393993,2024
BDI,Burundi,4.5040397644043,2025,95.7571792602539,2025,91.68505859375,2025,65.9542999267578,2025
BEL,Belgium,6.27611017227173,2022,,,,,,
BEN,Benin,3.22974322056608,2023,75.0768890380859,2021,53.4537391662598,2021,35.623779296875,2022
BFA,Burkina Faso,5.32757840997187,2023,90.9823024279674,2024,25.420513469078,2024,67.1572560059513,2024
BGD,Bangladesh,2.0343847791384,2024,77.876514503785,2024,,,55.0060347391069,2024
BGR,Bulgaria,4.50109004974365,2022,,,,,,
BHR,Bahrain,1.88778167912993,2023,100.0,2024,100.0,2024,100.0,2024
BHS,"Bahamas, The",2.74191570247934,2023,89.2451569806279,2024,93.1034482758621,2024,84.6259124087591,2024
BIH,Bosnia and Herzegovina,3.24564826597779,2023,,,,,,
BLR,Belarus,5.04593992233276,2024,99.4961310059385,2024,95.6594171478126,2024,97.3711441116425,2024
BLZ,Belize,4.62276317232973,2024,88.6663996796155,2024,77.020202020202,2024,70.9788702026736,2024
BMU,Bermuda,1.86510440752276,2023,100.0,2016,100.0,2016,100.0,2016
BOL,Bolivia,7.53980016708374,2024,93.6566314697266,2024,89.6064300537109,2024,92.8517074584961,2024
BRA,Brazil,5.61920976638794,2022,88.2332763671875,2023,,,71.780158996582,2023
BRB,Barbados,3.55593188106322,2024,75.8793969849246,2024,72.2371967654987,2024,53.6173633440514,2024
BRN,Brunei Darussalam,4.42539978027344,2016,86.5314612584503,2024,68.6274509803922,2024,90.9126968383789,2023
BTN,Bhutan,5.84518003463745,2023,100.0,2024,100.0,2024,97.8842030021444,2023
BWA,Botswana,8.05833660991541,2020,99.8736614125857,2022,92.2117432309096,2022,99.1241683959961,2007
CAF,Central African Republic,1.82995911310419,2023,,,,,45.3539199829102,2016
CAN,Canada,4.84426021575928,2022,,,,,,
CEB,Central Europe and the Baltics,4.316699981689455,2022,94.2270431518555,2020,86.1436767578125,2020,81.6955184936523,2020
CHE,Switzerland,4.86427021026611,2022,,,,,,
CHL,Chile,4.91201019287109,2022,,,,,,
CHN,China,3.89714002609253,2023,,,,,,
CIV,Côte d’Ivoire,3.61279988288879,2024,100.0,2024,100.0,2024,100.0,2024
CMR,Cameroon,2.83907623667935,2023,72.3405685666507,2023,68.9513804368714,2023,60.0006774379298,2023
COD,"Congo, Dem. Rep.",2.84466514463005,2022,100.0,2021,85.5641403198242,2023,58.0000190734863,2018
COG,"Congo, Rep.",3.34005209256916,2023,80.3170623779297,2012,91.5278396606445,2012,59.2127685546875,2012
COL,Colombia,5.26166009902954,2020,97.634147644043,2022,97.3923721313477,2022,97.981559753418,2022
COM,Comoros,2.34146896682989,2023,75.0578384399414,2022,55.9766807556152,2017,51.1915283203125,2003
CPV,Cabo Verde,4.3482854136693,2023,100.0,2022,37.0084269662921,2022,82.2297679683079,2022
CRI,Costa Rica,5.31208992004395,2023,94.2682113647461,2020,90.0187301635742,2020,96.6850967407227,2020
CSS,Caribbean small states,3.23358011245727,2023,84.0221862792969,2024,82.0113220214844,2024,80.7086791992188,2024
CUB,Cuba,8.44086351669284,2022,100.0,2023,100.0,2023,100.0,2023
CUW,Curaçao,5.44313725490196,2024,,,,,,
CYM,Cayman Islands,1.57024002075195,2023,100.0,2024,100.0,2024,100.0,2024
CYP,Cyprus,4.74210977554321,2022,100.0,2021,100.0,2021,100.0,2021
CZE,Czechia,4.30291986465454,2022,,,,,,
DEU,Germany,5.23916006088257,2022,,,,,,
DJI,Djibouti,3.75143003463745,2018,66.0459976196289,2023,100.0,2009,75.6049499511719,2023
DMA,Dominica,5.38572189060925,2024,66.1231918334961,2023,54.3478317260742,2023,44.4226989746094,2023
DNK,Denmark,6.35586023330688,2022,,,,,,
DOM,Dominican Republic,3.7606477375256,2023,100.0,2021,100.0,2021,100.0,2021
DZA,Algeria,8.97772026062012,2024,100.0,2025,100.0,2025,82.5047912597656,2024
EAP,East Asia & Pacific (excluding high income),3.018016140792175,2023,,,,,,
EAR,Early-demographic dividend,3.393709897995,2023,77.9759902954102,2024,77.8524627685547,2024,80.5678787231445,2024
EAS,East Asia & Pacific,3.51481008529663,2023,,,,,,
ECA,Europe & Central Asia (excluding high income),3.70918011665344,2023,92.2870712280273,2024,74.5678482055664,2024,91.0847930908203,2024
ECS,Europe & Central Asia,4.56857490539551,2022,91.6430206298828,2020,,,86.001579284668,2024
ECU,Ecuador,3.69074988365173,2024,89.5537629824604,2024,90.9613376108926,2024,78.1518691017507,2024
EGY,"Egypt, Arab Rep.",3.76082992553711,2008,87.1188047688349,2024,82.3441506347234,2024,85.6737183340066,2024
EMU,Euro area,4.960644960403441,2022,,,,,,
ERI,Eritrea,2.12700009346008,2006,76.9397125244141,2022,40.0313987731934,2022,83.2115707397461,2013
ESP,Spain,4.58553981781006,2022,100.0,2023,100.0,2023,100.0,2023
EST,Estonia,5.20733976364136,2022,,,,,,
ETH,Ethiopia,2.2978069565991,2024,95.0000000002655,2014,79.4914464487785,2012,48.056522629531,2010
EUU,European Union,4.65688991546631,2022,,,,,,
FCS,Fragile and conflict affected situations,3.1433547018769348,2021,69.8939971923828,2022,59.7497596740723,2024,64.5020523071289,2021
FIN,Finland,6.37578010559082,2022,,,,,,
FJI,Fiji,4.24679790890603,2023,89.1501191421763,2024,85.1748251748252,2024,100.0,2012
FRA,France,5.32434988021851,2022,,,,,,
FSM,"Micronesia, Fed. Sts.",11.5591397849462,2020,27.0025839793282,2023,16.969696969697,2023,31.0886644219977,2021
GAB,Gabon,2.31594287726056,2023,91.9524462734339,2019,53.7864794975988,2019,,
GBR,United Kingdom,5.90681982040405,2021,,,,,,
GEO,Georgia,3.98011682083814,2024,94.58984375,2009,96.5767517089844,2003,94.7150421142578,2009
GHA,Ghana,2.90963831638452,2022,89.3283233642578,2024,87.7312469482422,2024,82.9136428833008,2024
GIB,Gibraltar,,,0.0,2024,86.8421052631579,2016,6.86275005340576,2023
GIN,Guinea,1.72470879088585,2023,76.7044677734375,2020,35.279899597168,2020,90.8098602294922,2008
GMB,"Gambia, The",2.80838156544977,2023,89.0033345683587,2025,75.5839934998984,2025,72.2614822387695,2021
GNB,Guinea-Bissau,2.01027011871338,2013,38.9313011169434,2010,26.2135906219482,2010,,
GNQ,Equatorial Guinea,2.18796992301941,1998,37.2295417785645,2015,88.8141326904297,2015,24.7174091339111,2005
GRC,Greece,3.37547993659973,2022,,,,,,
GRD,Grenada,5.12544845968893,2023,67.4193548387097,2024,44.1087613293051,2024,43.9950980392157,2024
GTM,Guatemala,3.07588005065918,2024,,,,,,
GUY,Guyana,4.45058012008667,2018,82.2116903633491,2024,74.9552131852383,2024,83.2835820895522,2024
HIC,High income,4.699499845504761,2022,92.1241989135742,2024,87.9619979858398,2020,87.6442565917969,2024
HKG,"Hong Kong SAR, China",3.80552005767822,2024,93.5546598783765,2024,97.6220915366914,2024,89.0807500473515,2024
HND,Honduras,4.54962037172702,2023,87.2134399414062,2004,51.0189403020858,2013,64.4027099609375,2004
HPC,Heavily indebted poor countries (HIPC),3.244137721015695,2023,72.6321029663086,2022,54.5094184875488,2022,55.1360015869141,2022
HRV,Croatia,4.0916600227356,2021,100.0,2003,83.8443222045898,2003,100.0,2003
HTI,Haiti,0.964648012977964,2023,,,,,,
HUN,Hungary,3.8011999130249,2022,,,,,,
IBD,IBRD only,3.659005045890805,2023,84.2315902709961,2024,79.0380477905273,2024,84.5967636108398,2024
IBT,IDA & IBRD total,3.51481008529663,2023,80.2915573120117,2024,76.5606536865234,2024,79.680061340332,2024
IDA,IDA total,3.22974322056608,2023,70.6670379638672,2022,73.4825973510742,2017,62.8219108581543,2023
IDB,IDA blend,3.34005209256916,2023,67.936653137207,2024,81.4361114501953,2015,67.1895065307617,2023
IDN,Indonesia,1.27517088245674,2023,34.6902092205392,2025,12.1878200582999,2025,36.5776872443125,2025
IDX,IDA only,3.2156202394716598,2023,71.3427429199219,2022,60.2443809509277,2022,59.1228103637695,2024
IND,India,4.09865814174589,2022,91.3933549078991,2025,91.0663416420118,2025,92.1641344642095,2025
IRL,Ireland,2.90461993217468,2021,,,,,,
IRN,"Iran, Islamic Rep.",2.82443290958712,2023,100.0,2017,79.3335037231445,2003,97.526008605957,2017
IRQ,Iraq,3.55150008201599,1989,100.0,2004,100.0,2004,100.0,2004
ISL,Iceland,7.30798006057739,2022,,,,,,
ISR,Israel,5.93291997909546,2022,,,,,,
ITA,Italy,4.06775999069214,2022,,,,,,
JAM,Jamaica,5.51383018493652,2024,97.3742370605469,2024,69.7896270751953,2024,100.0,2024
JOR,Jordan,3.23356008529663,2024,100.0,2024,100.0,2024,100.0,2024
JPN,Japan,3.33663988113403,2021,,,,,,
KAZ,Kazakhstan,4.86469984054565,2023,100.0,2025,100.0,2025,100.0,2024
KEN,Kenya,4.02242346098974,2024,100.0,2023,100.0,2023,100.0,2023
KGZ,Kyrgyz Republic,6.82694680798777,2023,95.6829440905874,2025,92.0394681829584,2025,74.7675476074219,2017
KHM,Cambodia,2.1809128340295,2023,100.0,2024,100.0,2024,100.0,2021
KIR,Kiribati,16.39053,2023,89.3732970027248,2024,93.2467532467532,2024,62.3323013415893,2024
KNA,St. Kitts and Nevis,3.49726171629099,2023,65.1960784313726,2023,17.3553719008265,2023,51.6007532956685,2023
KOR,"Korea, Rep.",5.40910005569458,2022,100.0,2024,100.0,2024,100.0,2024
KWT,Kuwait,6.43592667889685,2024,100.0,2021,100.0,2021,100.0,2021
LAC,Latin America & Caribbean (excluding high income),3.7901488361471403,2023,81.1181411743164,2024,77.4516906738281,2022,74.8742065429688,2024
LAO,Lao PDR,1.23375160355741,2023,65.1590753032731,2025,10.8347865645614,2024,93.6741232014388,2022
LBN,Lebanon,1.22490869993085,2024,53.7480585302052,2024,48.3264385107183,2024,42.4003358967559,2023
LBR,Liberia,2.2665256232687,2023,62.3246439129266,2022,34.0803413391113,2022,82.5222601780814,2020
LBY,Libya,2.26416993141174,1999,,,,,,
LCA,St. Lucia,3.84700018653403,2024,77.1266479492188,2023,90.3386454183267,2018,68.2994537353516,2023
LCN,Latin America & Caribbean,3.81964993476868,2023,81.7862167358398,2024,79.3718872070312,2022,75.4978103637695,2024
LDC,Least developed countries: UN classification,3.20149725837724,2023,71.9278335571289,2022,65.6805114746094,2021,56.7305908203125,2024
LIC,Low income,2.9797078377745247,2022,69.1787490844727,2022,56.8936080932617,2020,55.6172904968262,2021
LIE,Liechtenstein,2.55604004859924,2011,,,,,,
LKA,Sri Lanka,1.82774571561927,2023,86.3799380906277,2023,41.1276996666183,2023,80.4221340722501,2023
LMC,Lower middle income,3.39421010017395,2023,83.2716369628906,2024,84.4405670166016,2024,81.9405975341797,2024
LMY,Low & middle income,3.51481008529663,2023,80.1431579589844,2024,76.3818893432617,2024,79.7221527099609,2024
LSO,Lesotho,6.62253066096596,2024,99.5409639756511,2023,100.0,2015,97.5670013427734,2023
LTE,Late-demographic dividend,4.030844280017391,2023,93.1217880249023,2018,,,85.5419998168945,2023
LTU,Lithuania,4.25285005569458,2022,91.3068923950195,2020,82.8710174560547,2020,94.9885482788086,2020
LUX,Luxembourg,3.74451994895935,2022,,,,,,
LVA,Latvia,4.3196702003479,2022,100.0,2022,100.0,2022,100.0,2022
MAC,"Macao SAR, China",3.50183010101318,2023,98.8259668508287,2024,99.697656840514,2024,94.6562287270252,2024
MAR,Morocco,6.02096928801329,2023,100.0,2024,100.0,2022,100.0,2024
MCO,Monaco,1.73223996162415,2023,80.0,2024,77.2727279663086,2024,79.921257019043,2024
MDA,Moldova,6.55709981918335,2023,100.0,2024,100.0,2024,100.0,2024
MDG,Madagascar,3.04770386693564,2023,15.2689717250037,2019,43.7649612426758,2019,20.3306546552695,2019
MDV,Maldives,5.16706374664829,2023,86.6491617854977,2022,65.4830658375625,2022,98.4790874524718,2022
MEA,"Middle East, North Africa, Afghanistan & Pakistan",4.38311004638672,2022,80.4825592041016,2024,,,77.1894302368164,2023
MEX,Mexico,4.05987977981567,2022,90.9365615844727,2021,80.8164520263672,2021,88.2744522094727,2021
MHL,Marshall Islands,7.70088005065918,2022,50.5694760820046,2024,55.4744525547445,2024,74.4471744471744,2024
MIC,Middle income,3.51486315596325,2023,81.6298599243164,2024,77.4247589111328,2024,81.3896865844727,2024
MKD,North Macedonia,3.30014991760254,2002,,,,,,
MLI,Mali,4.18465094218116,2023,37.4148865153538,2023,16.634829672079,2023,40.529883699235,2023
MLT,Malta,4.71258020401001,2022,83.5227966308594,2021,92.3318786621094,2021,67.7043304443359,2021
MMR,Myanmar,1.99976003170013,2019,95.3369369506836,2018,81.3991775512695,2018,88.9854202270508,2018
MNG,Mongolia,5.21229982376099,2024,86.1009021049115,2024,97.9820881986169,2022,39.2452903325839,2024
MOZ,Mozambique,5.97607342054314,2022,99.2083445571818,2022,,,84.9260406494141,2015
MRT,Mauritania,7.61007976531982,2024,96.8550811785929,2019,100.0,2004,92.5462398936759,2020
MUS,Mauritius,4.247389793396,2024,100.0,2024,100.0,2024,59.2175777063237,2024
MWI,Malawi,2.74888371105811,2022,94.7674021449553,2024,,,65.6179809570312,2013
MYS,Malaysia,3.51481008529663,2023,94.0188172043011,2024,37.0971663972765,2024,91.3507289099744,2024
NAC,North America,4.84426021575928,2022,97.9324188232422,2024,99.7119903564453,2024,98.3589172363281,2024
NAM,Namibia,9.08440819434816,2024,95.409604519774,2024,92.9310344827586,2024,95.7382896836572,2024
NER,Niger,4.07412707618114,2023,98.8253202366592,2024,98.4097445440704,2024,51.9539576524087,2024
NGA,Nigeria,0.319069049792343,2023,62.1766699978874,2018,,,66.791358266499,2018
NIC,Nicaragua,2.86954998970032,2023,59.2082710266113,2023,54.8696403503418,2023,18.3844890594482,2023
NLD,Netherlands,5.17918014526367,2022,,,,,,
NOR,Norway,5.43234014511108,2022,,,,,,
NPL,Nepal,3.68849173764595,2024,95.8172441825018,2025,37.9258842754476,2025,97.4359593423308,2025
NRU,Nauru,5.77715015411377,2023,100.0,2025,100.0,2025,100.0,2025
NZL,New Zealand,5.21326017379761,2023,,,,,,
OED,OECD members,5.05915021896362,2022,91.6839218139648,2024,88.1000595092773,2022,88.5423965454102,2022
OMN,Oman,4.38311004638672,2022,100.0,2024,100.0,2024,100.0,2024
OSS,Other small states,5.00431592836751,2023,80.023307800293,2023,76.1064605712891,2022,76.0390014648438,2023
PAK,Pakistan,1.94658005237579,2023,74.9684329983381,2024,,,68.8503412466472,2024
PAN,Panama,2.47225999832153,2023,99.244966442953,2017,100.0,2017,95.7073128214068,2014
PER,Peru,4.35778999328613,2024,13.0896797180176,2023,,,28.855920791626,2023
PHL,Philippines,3.96922646675346,2025,100.0,2024,100.0,2024,100.0,2024
PLW,Palau,3.43726476321334,2023,100.0,2024,100.0,2024,90.7894736842105,2023
PNG,Papua New Guinea,0.782122804685732,2023,,,,,100.0,2012
POL,Poland,4.31372976303101,2022,,,,,,
PRE,Pre-demographic dividend,3.244137721015695,2023,70.3046188354492,2022,70.1228866577148,2021,56.3458786010742,2021
PRI,Puerto Rico,4.27101949674789,2024,25.0195873596239,2024,8.21203562893765,2024,13.5955864715759,2024
PRT,Portugal,4.55160999298096,2022,100.0,2020,100.0,2020,100.0,2020
PRY,Paraguay,3.53410005569458,2024,92.0764397302127,2012,91.9434292070555,2012,81.0039083007642,2012
PSE,West Bank and Gaza,5.43442010879517,2021,100.0,2023,100.0,2023,100.0,2023
PSS,Pacific island small states,,,78.2240676879883,2024,79.6706237792969,2024,86.9011688232422,2013
PST,Post-demographic dividend,4.961710214614865,2022,91.9246215820312,2024,90.0548629760742,2024,89.970588684082,2024
QAT,Qatar,3.23368000984192,2020,100.0,2024,100.0,2024,100.0,2024
ROU,Romania,3.2788200378418,2022,,,,,,
RUS,Russian Federation,4.16454853394225,2023,96.0232588000073,2023,,,80.1106796264648,2023
RWA,Rwanda,4.61476993560791,2024,67.5672511196324,2024,52.6335107359148,2024,68.9750611816805,2024
SAS,South Asia,2.861438258392175,2024,87.7451095581055,2024,90.6278686523438,2024,89.3584899902344,2024
SAU,Saudi Arabia,4.48087978363037,2023,100.0,2024,100.0,2024,100.0,2024
SDN,Sudan,2.02213001251221,2009,58.5404815673828,2019,,,,
SEN,Senegal,6.16277045366329,2023,77.1074643843027,2024,38.7616837086757,2023,72.7393497657218,2023
SGP,Singapore,2.19099857819757,2024,98.1068573832562,2023,,,98.242776266451,2023
SLB,Solomon Islands,8.29349080062944,2023,82.3597056117755,2019,51.203007518797,2013,76.4759309718438,2015
SLE,Sierra Leone,2.62455277942046,2023,69.8443370907139,2024,62.5643354526188,2024,82.8404699944799,2024
SLV,El Salvador,3.31666994094849,2024,97.4923188143864,2024,97.4373181881147,2024,95.6759808072255,2024
SMR,San Marino,2.89753007888794,2022,100.0,2024,100.0,2024,100.0,2024
SOM,"Somalia, Federal Republic of",8.14262404011e-06,2023,,,,,,
SRB,Serbia,3.40377998352051,2023,55.7344284057617,2012,68.8258819580078,2012,43.9240188598633,2011
SSA,Sub-Saharan Africa (excluding high income),3.299292157017235,2023,68.8190231323242,2022,59.3086891174316,2022,59.5245513916016,2021
SSD,South Sudan,1.56539228959694,2016,44.027099609375,2011,38.8781394958496,2011,,
SSF,Sub-Saharan Africa,3.25853222146531,2023,68.8180999755859,2022,59.3107986450195,2022,59.5314483642578,2021
SST,Small states,4.78955296464152,2023,80.4475173950195,2024,77.4855270385742,2024,76.0865173339844,2024
STP,São Tomé and Príncipe,5.0288576428727,2023,27.4098892211914,2017,28.2477302551269,2015,36.3977508544922,2015
SUR,Suriname,2.86623341491363,2023,99.7632202052092,2021,99.57805907173,2021,79.5490417136415,2021
SVK,Slovak Republic,4.65688991546631,2022,97.5999984741211,2022,97.8000030517578,2022,97.9929809570312,2022
SVN,Slovenia,5.28065013885498,2022,,,,,,
SWE,Sweden,7.31909990310669,2022,,,,,,
SWZ,Eswatini,6.03082905337534,2024,68.3446607533694,2022,50.8010335917313,2011,61.1903114186851,2022
SXM,Sint Maarten (Dutch part),3.92363832601723,2023,,,,,,
SYC,Seychelles,4.45409960547034,2023,89.7168405365127,2024,87.6344086021505,2024,90.8835904628331,2024
SYR,Syrian Arab Republic,5.13012981414795,2009,38.2814407348633,2024,11.4397001266479,2024,34.5171813964844,2024
TCA,Turks and Caicos Islands,2.94998113247616,2024,99.2647058823529,2024,92.156862745098,2024,95.9259259259259,2024
TCD,Chad,3.20149725837724,2023,29.4447181620773,2024,78.3080260303688,2024,49.1161933484125,2024
TEA,East Asia & Pacific (IDA & IBRD),3.018016140792175,2023,,,,,,
TEC,Europe & Central Asia (IDA & IBRD),3.9368643252978455,2023,93.5613174438477,2024,,,86.6331100463867,2024
TGO,Togo,4.14281885166484,2023,81.0204691874847,2024,82.7441860465116,2024,34.4565582275391,2021
THA,Thailand,2.52122219628772,2023,100.0,2025,100.0,2025,100.0,2025
TJK,Tajikistan,5.43682120015444,2023,100.0,2017,100.0,2016,92.1158676147461,2004
TKM,Turkmenistan,4.28878021240234,2024,99.5275842741613,2024,,,99.3622319627706,2024
TLA,Latin America & Caribbean (IDA & IBRD),3.7901488361471403,2023,81.6591873168945,2024,78.9662933349609,2022,75.4052734375,2024
TLS,Timor-Leste,5.24052834781801,2023,,,,,,
TON,Tonga,5.31016278046634,2022,96.6992665036675,2024,92.6701570680628,2024,58.6556205749512,2015
TSA,South Asia (IDA & IBRD),2.861438258392175,2024,87.7451095581055,2024,90.6278686523438,2024,89.3584899902344,2024
TSS,Sub-Saharan Africa (IDA & IBRD),3.25853222146531,2023,68.8180999755859,2022,59.3107986450195,2022,59.5314483642578,2021
TTO,Trinidad and Tobago,3.23358011245727,2023,83.8903648460715,2024,100.0,2024,91.0244598388672,2020
TUN,Tunisia,6.73398856321206,2023,100.0,2023,100.0,2023,95.945068359375,2023
TUR,Türkiye,3.09571003913879,2022,,,,,,
TUV,Tuvalu,12.8456897735596,2023,57.9439252336448,2025,75.0,2025,61.1111111111111,2025
TZA,Tanzania,3.15504437906936,2024,99.1959541456952,2016,34.7831444061114,2018,,
UGA,Uganda,2.56105027176925,2022,79.5857925415039,2017,60.0050582885742,2017,,
UKR,Ukraine,5.14010000228882,2021,89.8981966809847,2024,70.4977834072198,2024,95.0206909179688,2024
UMC,Upper middle income,3.659005045890805,2023,80.7380065917969,2022,,,81.0041427612305,2022
URY,Uruguay,4.76461982727051,2023,100.0,2023,,,,
USA,United States,5.42038011550903,2021,100.0,2023,100.0,2023,100.0,2023
UZB,Uzbekistan,5.47287597270024,2023,100.0,2025,100.0,2023,100.0,2025
VCT,St. Vincent and the Grenadines,6.4582691706334,2023,76.3261296660118,2024,14.0740699768066,2013,59.3967517401392,2024
VEN,"Venezuela, RB",6.87467002868652,2009,88.2998809814453,2024,88.2989273071289,2024,88.2997817993164,2024
VGB,British Virgin Islands,3.17283855528435,2023,97.1659927368164,2024,49.4623655913978,2020,72.8205128205128,2023
VNM,Vietnam,2.88738689372749,2022,89.2480323754714,2024,91.0557773795426,2024,91.3591262446673,2022
VUT,Vanuatu,7.63695001602173,2024,51.7441860465116,2024,38.6482939632546,2024,47.5548060708263,2024
WLD,World,3.569274751380525,2023,82.2137222290039,2024,78.7367935180664,2024,81.4607315063477,2024
WSM,Samoa,5.45616637544294,2024,,,100.0,2018,,
YEM,"Yemen, Rep.",5.15144014358521,2008,,,,,,
ZAF,South Africa,6.02110004425049,2024,77.9215469360352,2002,77.9222183227539,2002,100.0,2016
ZMB,Zambia,4.07374933049157,2023,98.7503041012049,2017,,,,
ZWE,Zimbabwe,0.384771297211919,2023,97.8777814679508,2024,79.7352002667048,2024,72.9505694493366,2013
